UGY;VOF;u/u_av_line;Points:0;Points:1;Points:2
0;1;0;0.0782;0;0
2.6632e-08;1;4.537e-07;0.0782;2.85e-06;1.43e-07
5.3264e-08;1;9.0739e-07;0.0782;5.7e-06;2.86e-07
7.9896e-08;1;1.3611e-06;0.0782;8.55e-06;4.29e-07
1.0653e-07;1;1.8148e-06;0.0782;1.14e-05;5.72e-07
1.3316e-07;1;2.2685e-06;0.0782;1.425e-05;7.15e-07
1.5979e-07;1;2.7222e-06;0.0782;1.71e-05;8.58e-07
1.8642e-07;1;3.1759e-06;0.0782;1.995e-05;1.001e-06
2.1306e-07;1;3.6296e-06;0.0782;2.28e-05;1.144e-06
2.3969e-07;1;4.0833e-06;0.0782;2.565e-05;1.287e-06
2.6632e-07;1;4.537e-06;0.0782;2.85e-05;1.43e-06
2.9295e-07;1;4.9907e-06;0.0782;3.135e-05;1.573e-06
3.1958e-07;1;5.4444e-06;0.0782;3.42e-05;1.716e-06
3.4622e-07;1;5.898e-06;0.0782;3.705e-05;1.859e-06
3.7285e-07;1;6.3517e-06;0.0782;3.99e-05;2.002e-06
3.9948e-07;1;6.8054e-06;0.0782;4.275e-05;2.145e-06
4.2611e-07;1;7.2591e-06;0.0782;4.56e-05;2.288e-06
4.5274e-07;1;7.7128e-06;0.0782;4.845e-05;2.431e-06
4.7938e-07;1;8.1665e-06;0.0782;5.13e-05;2.574e-06
5.0601e-07;1;8.6202e-06;0.0782;5.415e-05;2.717e-06
5.3264e-07;1;9.0739e-06;0.0782;5.7e-05;2.86e-06
5.5927e-07;1;9.5276e-06;0.0782;5.985e-05;3.003e-06
5.859e-07;1;9.9813e-06;0.0782;6.27e-05;3.146e-06
6.1253e-07;1;1.0435e-05;0.0782;6.555e-05;3.289e-06
6.3917e-07;1;1.0889e-05;0.0782;6.84e-05;3.432e-06
6.658e-07;1;1.1342e-05;0.0782;7.125e-05;3.575e-06
6.9243e-07;1;1.1796e-05;0.0782;7.41e-05;3.718e-06
7.1906e-07;1;1.225e-05;0.0782;7.695e-05;3.861e-06
7.4569e-07;1;1.2703e-05;0.0782;7.98e-05;4.004e-06
7.7233e-07;1;1.3157e-05;0.0782;8.265e-05;4.147e-06
7.9896e-07;1;1.3611e-05;0.0782;8.55e-05;4.29e-06
8.2559e-07;1;1.4065e-05;0.0782;8.835e-05;4.433e-06
8.5222e-07;1;1.4518e-05;0.0782;9.12e-05;4.576e-06
8.7885e-07;1;1.4972e-05;0.0782;9.405e-05;4.719e-06
9.0549e-07;1;1.5426e-05;0.0782;9.69e-05;4.862e-06
9.3212e-07;1;1.5879e-05;0.0782;9.975e-05;5.005e-06
9.5875e-07;1;1.6333e-05;0.0782;0.0001026;5.148e-06
9.8538e-07;1;1.6787e-05;0.0782;0.00010545;5.291e-06
1.012e-06;1;1.724e-05;0.0782;0.0001083;5.434e-06
1.0386e-06;1;1.7694e-05;0.0782;0.00011115;5.577e-06
1.0653e-06;1;1.8148e-05;0.0782;0.000114;5.72e-06
1.0919e-06;1;1.8602e-05;0.0782;0.00011685;5.863e-06
1.1185e-06;1;1.9055e-05;0.0782;0.0001197;6.006e-06
1.1452e-06;1;1.9509e-05;0.0782;0.00012255;6.149e-06
1.1718e-06;1;1.9963e-05;0.0782;0.0001254;6.292e-06
1.1984e-06;1;2.0416e-05;0.0782;0.00012825;6.435e-06
1.2251e-06;1;2.087e-05;0.0782;0.0001311;6.578e-06
1.2554e-06;1;2.1387e-05;0.0782;0.00013395;6.721e-06
1.2995e-06;1;2.2139e-05;0.0782;0.0001368;6.864e-06
1.3437e-06;1;2.2891e-05;0.0782;0.00013965;7.007e-06
1.3878e-06;1;2.3643e-05;0.0782;0.0001425;7.15e-06
1.432e-06;1;2.4395e-05;0.0782;0.00014535;7.293e-06
1.4761e-06;1;2.5147e-05;0.0782;0.0001482;7.436e-06
1.5203e-06;1;2.5899e-05;0.0782;0.00015105;7.579e-06
1.5644e-06;1;2.6651e-05;0.0782;0.0001539;7.722e-06
1.6086e-06;1;2.7403e-05;0.0782;0.00015675;7.865e-06
1.6527e-06;1;2.8155e-05;0.0782;0.0001596;8.008e-06
1.6968e-06;1;2.8907e-05;0.0782;0.00016245;8.151e-06
1.741e-06;1;2.9659e-05;0.0782;0.0001653;8.294e-06
1.7851e-06;1;3.0411e-05;0.0782;0.00016815;8.437e-06
1.8293e-06;1;3.1163e-05;0.0782;0.000171;8.58e-06
1.8734e-06;1;3.1915e-05;0.0782;0.00017385;8.723e-06
1.9176e-06;1;3.2667e-05;0.0782;0.0001767;8.866e-06
1.9617e-06;1;3.3419e-05;0.0782;0.00017955;9.009e-06
2.0059e-06;1;3.4171e-05;0.0782;0.0001824;9.152e-06
2.05e-06;1;3.4923e-05;0.0782;0.00018525;9.295e-06
2.0941e-06;1;3.5675e-05;0.0782;0.0001881;9.438e-06
2.1383e-06;1;3.6427e-05;0.0782;0.00019095;9.581e-06
2.1824e-06;1;3.7179e-05;0.0782;0.0001938;9.724e-06
2.2266e-06;1;3.7931e-05;0.0782;0.00019665;9.867e-06
2.2707e-06;1;3.8683e-05;0.0782;0.0001995;1.001e-05
2.3149e-06;1;3.9435e-05;0.0782;0.00020235;1.0153e-05
2.359e-06;1;4.0187e-05;0.0782;0.0002052;1.0296e-05
2.4031e-06;1;4.0939e-05;0.0782;0.00020805;1.0439e-05
2.4473e-06;1;4.1691e-05;0.0782;0.0002109;1.0582e-05
2.4914e-06;1;4.2444e-05;0.0782;0.00021375;1.0725e-05
2.5356e-06;1;4.3196e-05;0.0782;0.0002166;1.0868e-05
2.5797e-06;1;4.3948e-05;0.0782;0.00021945;1.1011e-05
2.6239e-06;1;4.47e-05;0.0782;0.0002223;1.1154e-05
2.668e-06;1;4.5452e-05;0.0782;0.00022515;1.1297e-05
2.7122e-06;1;4.6204e-05;0.0782;0.000228;1.144e-05
2.7563e-06;1;4.6956e-05;0.0782;0.00023085;1.1583e-05
2.8004e-06;1;4.7708e-05;0.0782;0.0002337;1.1726e-05
2.8446e-06;1;4.846e-05;0.0782;0.00023655;1.1869e-05
2.8887e-06;1;4.9212e-05;0.0782;0.0002394;1.2012e-05
2.9329e-06;1;4.9964e-05;0.0782;0.00024225;1.2155e-05
2.977e-06;1;5.0716e-05;0.0782;0.0002451;1.2298e-05
3.0212e-06;1;5.1468e-05;0.0782;0.00024795;1.2441e-05
3.0653e-06;1;5.222e-05;0.0782;0.0002508;1.2584e-05
3.1095e-06;1;5.2972e-05;0.0782;0.00025365;1.2727e-05
3.1536e-06;1;5.3724e-05;0.0782;0.0002565;1.287e-05
3.1977e-06;1;5.4476e-05;0.0782;0.00025935;1.3013e-05
3.2419e-06;1;5.5228e-05;0.0782;0.0002622;1.3156e-05
3.286e-06;1;5.598e-05;0.0782;0.00026505;1.3299e-05
3.3362e-06;1;5.6834e-05;0.0782;0.0002679;1.3442e-05
3.3944e-06;1;5.7827e-05;0.0782;0.00027075;1.3585e-05
3.4527e-06;1;5.882e-05;0.0782;0.0002736;1.3728e-05
3.511e-06;1;5.9813e-05;0.0782;0.00027645;1.3871e-05
3.5693e-06;1;6.0806e-05;0.0782;0.0002793;1.4014e-05
3.6276e-06;1;6.1799e-05;0.0782;0.00028215;1.4157e-05
3.6859e-06;1;6.2792e-05;0.0782;0.000285;1.43e-05
3.7442e-06;1;6.3785e-05;0.0782;0.00028785;1.4443e-05
3.8025e-06;1;6.4778e-05;0.0782;0.0002907;1.4586e-05
3.8608e-06;1;6.5771e-05;0.0782;0.00029355;1.4729e-05
3.9191e-06;1;6.6764e-05;0.0782;0.0002964;1.4872e-05
3.9774e-06;1;6.7757e-05;0.0782;0.00029925;1.5015e-05
4.0356e-06;1;6.875e-05;0.0782;0.0003021;1.5158e-05
4.0939e-06;1;6.9743e-05;0.0782;0.00030495;1.5301e-05
4.1522e-06;1;7.0736e-05;0.0782;0.0003078;1.5444e-05
4.2105e-06;1;7.1729e-05;0.0782;0.00031065;1.5587e-05
4.2688e-06;1;7.2723e-05;0.0782;0.0003135;1.573e-05
4.3271e-06;1;7.3716e-05;0.0782;0.00031635;1.5873e-05
4.3854e-06;1;7.4709e-05;0.0782;0.0003192;1.6016e-05
4.4437e-06;1;7.5702e-05;0.0782;0.00032205;1.6159e-05
4.502e-06;1;7.6695e-05;0.0782;0.0003249;1.6302e-05
4.5603e-06;1;7.7688e-05;0.0782;0.00032775;1.6445e-05
4.6186e-06;1;7.8681e-05;0.0782;0.0003306;1.6588e-05
4.6769e-06;1;7.9674e-05;0.0782;0.00033345;1.6731e-05
4.7351e-06;1;8.0667e-05;0.0782;0.0003363;1.6874e-05
4.7934e-06;1;8.166e-05;0.0782;0.00033915;1.7017e-05
4.8517e-06;1;8.2653e-05;0.0782;0.000342;1.716e-05
4.91e-06;1;8.3646e-05;0.0782;0.00034485;1.7303e-05
4.9683e-06;1;8.4639e-05;0.0782;0.0003477;1.7446e-05
5.0266e-06;1;8.5632e-05;0.0782;0.00035055;1.7589e-05
5.0849e-06;1;8.6625e-05;0.0782;0.0003534;1.7732e-05
5.1432e-06;1;8.7618e-05;0.0782;0.00035625;1.7875e-05
5.2015e-06;1;8.8611e-05;0.0782;0.0003591;1.8018e-05
5.2598e-06;1;8.9604e-05;0.0782;0.00036195;1.8161e-05
5.3181e-06;1;9.0597e-05;0.0782;0.0003648;1.8304e-05
5.3763e-06;1;9.159e-05;0.0782;0.00036765;1.8447e-05
5.4346e-06;1;9.2583e-05;0.0782;0.0003705;1.859e-05
5.4929e-06;1;9.3576e-05;0.0782;0.00037335;1.8733e-05
5.5512e-06;1;9.4569e-05;0.0782;0.0003762;1.8876e-05
5.6095e-06;1;9.5562e-05;0.0782;0.00037905;1.9019e-05
5.6678e-06;1;9.6555e-05;0.0782;0.0003819;1.9162e-05
5.7261e-06;1;9.7548e-05;0.0782;0.00038475;1.9305e-05
5.7844e-06;1;9.8541e-05;0.0782;0.0003876;1.9448e-05
5.8427e-06;1;9.9535e-05;0.0782;0.00039045;1.9591e-05
5.901e-06;1;0.00010053;0.0782;0.0003933;1.9734e-05
5.9593e-06;1;0.00010152;0.0782;0.00039615;1.9877e-05
6.0175e-06;1;0.00010251;0.0782;0.000399;2.002e-05
6.0759e-06;1;0.00010351;0.0782;0.00040185;2.0163e-05
6.1342e-06;1;0.0001045;0.0782;0.0004047;2.0306e-05
6.1925e-06;1;0.00010549;0.0782;0.00040755;2.0449e-05
6.2508e-06;1;0.00010649;0.0782;0.0004104;2.0592e-05
6.3091e-06;1;0.00010748;0.0782;0.00041325;2.0735e-05
6.3674e-06;1;0.00010847;0.0782;0.0004161;2.0878e-05
6.4258e-06;1;0.00010947;0.0782;0.00041895;2.1021e-05
6.4841e-06;1;0.00011046;0.0782;0.0004218;2.1164e-05
6.5424e-06;1;0.00011145;0.0782;0.00042465;2.1307e-05
6.6007e-06;1;0.00011245;0.0782;0.0004275;2.145e-05
6.659e-06;1;0.00011344;0.0782;0.00043035;2.1593e-05
6.7173e-06;1;0.00011444;0.0782;0.0004332;2.1736e-05
6.7757e-06;1;0.00011543;0.0782;0.00043605;2.1879e-05
6.834e-06;1;0.00011642;0.0782;0.0004389;2.2022e-05
6.8923e-06;1;0.00011742;0.0782;0.00044175;2.2165e-05
6.9506e-06;1;0.00011841;0.0782;0.0004446;2.2308e-05
7.0089e-06;1;0.0001194;0.0782;0.00044745;2.2451e-05
7.0673e-06;1;0.0001204;0.0782;0.0004503;2.2594e-05
7.1256e-06;1;0.00012139;0.0782;0.00045315;2.2737e-05
7.1839e-06;1;0.00012238;0.0782;0.000456;2.288e-05
7.2422e-06;1;0.00012338;0.0782;0.00045885;2.3023e-05
7.3005e-06;1;0.00012437;0.0782;0.0004617;2.3166e-05
7.3588e-06;1;0.00012536;0.0782;0.00046455;2.3309e-05
7.4172e-06;1;0.00012636;0.0782;0.0004674;2.3452e-05
7.4755e-06;1;0.00012735;0.0782;0.00047025;2.3595e-05
7.5338e-06;1;0.00012834;0.0782;0.0004731;2.3738e-05
7.5921e-06;1;0.00012934;0.0782;0.00047595;2.3881e-05
7.6504e-06;1;0.00013033;0.0782;0.0004788;2.4024e-05
7.7087e-06;1;0.00013132;0.0782;0.00048165;2.4167e-05
7.7671e-06;1;0.00013232;0.0782;0.0004845;2.431e-05
7.8254e-06;1;0.00013331;0.0782;0.00048735;2.4453e-05
7.8837e-06;1;0.0001343;0.0782;0.0004902;2.4596e-05
7.942e-06;1;0.0001353;0.0782;0.00049305;2.4739e-05
8.0003e-06;1;0.00013629;0.0782;0.0004959;2.4882e-05
8.0586e-06;1;0.00013729;0.0782;0.00049875;2.5025e-05
8.117e-06;1;0.00013828;0.0782;0.0005016;2.5168e-05
8.1753e-06;1;0.00013927;0.0782;0.00050445;2.5311e-05
8.2336e-06;1;0.00014027;0.0782;0.0005073;2.5454e-05
8.2919e-06;1;0.00014126;0.0782;0.00051015;2.5597e-05
8.3502e-06;1;0.00014225;0.0782;0.000513;2.574e-05
8.4086e-06;1;0.00014325;0.0782;0.00051585;2.5883e-05
8.4669e-06;1;0.00014424;0.0782;0.0005187;2.6026e-05
8.5252e-06;1;0.00014523;0.0782;0.00052155;2.6169e-05
8.5835e-06;1;0.00014623;0.0782;0.0005244;2.6312e-05
8.6418e-06;1;0.00014722;0.0782;0.00052725;2.6455e-05
8.7001e-06;1;0.00014821;0.0782;0.0005301;2.6598e-05
8.7585e-06;1;0.00014921;0.0782;0.00053295;2.6741e-05
8.8047e-06;1;0.00014999;0.0782;0.0005358;2.6884e-05
8.8486e-06;1;0.00015074;0.0782;0.00053865;2.7027e-05
8.8926e-06;1;0.00015149;0.0782;0.0005415;2.717e-05
8.9366e-06;1;0.00015224;0.0782;0.00054435;2.7313e-05
8.9806e-06;1;0.00015299;0.0782;0.0005472;2.7456e-05
9.0246e-06;1;0.00015374;0.0782;0.00055005;2.7599e-05
9.0686e-06;1;0.00015449;0.0782;0.0005529;2.7742e-05
9.1126e-06;1;0.00015524;0.0782;0.00055575;2.7885e-05
9.1566e-06;1;0.00015599;0.0782;0.0005586;2.8028e-05
9.2006e-06;1;0.00015674;0.0782;0.00056145;2.8171e-05
9.2445e-06;1;0.00015749;0.0782;0.0005643;2.8314e-05
9.2885e-06;1;0.00015824;0.0782;0.00056715;2.8457e-05
9.3325e-06;1;0.00015899;0.0782;0.00057;2.86e-05
9.3765e-06;1;0.00015974;0.0782;0.00057285;2.8743e-05
9.4205e-06;1;0.00016049;0.0782;0.0005757;2.8886e-05
9.4645e-06;1;0.00016123;0.0782;0.00057855;2.9029e-05
9.5085e-06;1;0.00016198;0.0782;0.0005814;2.9172e-05
9.5525e-06;1;0.00016273;0.0782;0.00058425;2.9315e-05
9.5964e-06;1;0.00016348;0.0782;0.0005871;2.9458e-05
9.6404e-06;1;0.00016423;0.0782;0.00058995;2.9601e-05
9.6844e-06;1;0.00016498;0.0782;0.0005928;2.9744e-05
9.7284e-06;1;0.00016573;0.0782;0.00059565;2.9887e-05
9.7724e-06;1;0.00016648;0.0782;0.0005985;3.003e-05
9.8164e-06;1;0.00016723;0.0782;0.00060135;3.0173e-05
9.8604e-06;1;0.00016798;0.0782;0.0006042;3.0316e-05
9.9044e-06;1;0.00016873;0.0782;0.00060705;3.0459e-05
9.9484e-06;1;0.00016948;0.0782;0.0006099;3.0602e-05
9.9923e-06;1;0.00017023;0.0782;0.00061275;3.0745e-05
1.0036e-05;1;0.00017098;0.0782;0.0006156;3.0888e-05
1.008e-05;1;0.00017173;0.0782;0.00061845;3.1031e-05
1.0124e-05;1;0.00017248;0.0782;0.0006213;3.1174e-05
1.0168e-05;1;0.00017322;0.0782;0.00062415;3.1317e-05
1.0212e-05;1;0.00017397;0.0782;0.000627;3.146e-05
1.0256e-05;1;0.00017472;0.0782;0.00062985;3.1603e-05
1.03e-05;1;0.00017547;0.0782;0.0006327;3.1746e-05
1.0344e-05;1;0.00017622;0.0782;0.00063555;3.1889e-05
1.0388e-05;1;0.00017697;0.0782;0.0006384;3.2032e-05
1.0432e-05;1;0.00017772;0.0782;0.00064125;3.2175e-05
1.0476e-05;1;0.00017847;0.0782;0.0006441;3.2318e-05
1.052e-05;1;0.00017922;0.0782;0.00064695;3.2461e-05
1.0564e-05;1;0.00017997;0.0782;0.0006498;3.2604e-05
1.0608e-05;1;0.00018072;0.0782;0.00065265;3.2747e-05
1.0652e-05;1;0.00018147;0.0782;0.0006555;3.289e-05
1.0696e-05;1;0.00018222;0.0782;0.00065835;3.3033e-05
1.074e-05;1;0.00018297;0.0782;0.0006612;3.3176e-05
1.0784e-05;1;0.00018372;0.0782;0.00066405;3.3319e-05
1.0826e-05;1;0.00018444;0.0782;0.0006669;3.3462e-05
1.0842e-05;1;0.0001847;0.0782;0.00066975;3.3605e-05
1.0857e-05;1;0.00018496;0.0782;0.0006726;3.3748e-05
1.0873e-05;1;0.00018522;0.0782;0.00067545;3.3891e-05
1.0888e-05;1;0.00018548;0.0782;0.0006783;3.4034e-05
1.0903e-05;1;0.00018575;0.0782;0.00068115;3.4177e-05
1.0919e-05;1;0.00018601;0.0782;0.000684;3.432e-05
1.0934e-05;1;0.00018627;0.0782;0.00068685;3.4463e-05
1.0949e-05;1;0.00018653;0.0782;0.0006897;3.4606e-05
1.0965e-05;1;0.00018679;0.0782;0.00069255;3.4749e-05
1.098e-05;1;0.00018705;0.0782;0.0006954;3.4892e-05
1.0995e-05;1;0.00018731;0.0782;0.00069825;3.5035e-05
1.1011e-05;1;0.00018758;0.0782;0.0007011;3.5178e-05
1.1026e-05;1;0.00018784;0.0782;0.00070395;3.5321e-05
1.1041e-05;1;0.0001881;0.0782;0.0007068;3.5464e-05
1.1057e-05;1;0.00018836;0.0782;0.00070965;3.5607e-05
1.1072e-05;1;0.00018862;0.0782;0.0007125;3.575e-05
1.1087e-05;1;0.00018888;0.0782;0.00071535;3.5893e-05
1.1103e-05;1;0.00018914;0.0782;0.0007182;3.6036e-05
1.1118e-05;1;0.00018941;0.0782;0.00072105;3.6179e-05
1.1133e-05;1;0.00018967;0.0782;0.0007239;3.6322e-05
1.1149e-05;1;0.00018993;0.0782;0.00072675;3.6465e-05
1.1164e-05;1;0.00019019;0.0782;0.0007296;3.6608e-05
1.118e-05;1;0.00019045;0.0782;0.00073245;3.6751e-05
1.1195e-05;1;0.00019071;0.0782;0.0007353;3.6894e-05
1.121e-05;1;0.00019097;0.0782;0.00073815;3.7037e-05
1.1226e-05;1;0.00019124;0.0782;0.000741;3.718e-05
1.1241e-05;1;0.0001915;0.0782;0.00074385;3.7323e-05
1.1256e-05;1;0.00019176;0.0782;0.0007467;3.7466e-05
1.1272e-05;1;0.00019202;0.0782;0.00074955;3.7609e-05
1.1287e-05;1;0.00019228;0.0782;0.0007524;3.7752e-05
1.1302e-05;1;0.00019254;0.0782;0.00075525;3.7895e-05
1.1318e-05;1;0.00019281;0.0782;0.0007581;3.8038e-05
1.1333e-05;1;0.00019307;0.0782;0.00076095;3.8181e-05
1.1348e-05;1;0.00019333;0.0782;0.0007638;3.8324e-05
1.1364e-05;1;0.00019359;0.0782;0.00076665;3.8467e-05
1.1379e-05;1;0.00019385;0.0782;0.0007695;3.861e-05
1.1394e-05;1;0.00019411;0.0782;0.00077235;3.8753e-05
1.141e-05;1;0.00019437;0.0782;0.0007752;3.8896e-05
1.1425e-05;1;0.00019464;0.0782;0.00077805;3.9039e-05
1.144e-05;1;0.0001949;0.0782;0.0007809;3.9182e-05
1.1456e-05;1;0.00019516;0.0782;0.00078375;3.9325e-05
1.1471e-05;1;0.00019542;0.0782;0.0007866;3.9468e-05
1.1487e-05;1;0.00019568;0.0782;0.00078945;3.9611e-05
1.1502e-05;1;0.00019594;0.0782;0.0007923;3.9754e-05
1.1517e-05;1;0.0001962;0.0782;0.00079515;3.9897e-05
1.1533e-05;1;0.00019647;0.0782;0.000798;4.004e-05
1.1536e-05;1;0.00019653;0.0782;0.00080085;4.0183e-05
1.1509e-05;1;0.00019606;0.0782;0.0008037;4.0326e-05
1.1481e-05;1;0.00019559;0.0782;0.00080655;4.0469e-05
1.1454e-05;1;0.00019513;0.0782;0.0008094;4.0612e-05
1.1426e-05;1;0.00019466;0.0782;0.00081225;4.0755e-05
1.1399e-05;1;0.00019419;0.0782;0.0008151;4.0898e-05
1.1371e-05;1;0.00019372;0.0782;0.00081795;4.1041e-05
1.1344e-05;1;0.00019325;0.0782;0.0008208;4.1184e-05
1.1316e-05;1;0.00019278;0.0782;0.00082365;4.1327e-05
1.1289e-05;1;0.00019231;0.0782;0.0008265;4.147e-05
1.1261e-05;1;0.00019184;0.0782;0.00082935;4.1613e-05
1.1234e-05;1;0.00019138;0.0782;0.0008322;4.1756e-05
1.1206e-05;1;0.00019091;0.0782;0.00083505;4.1899e-05
1.1179e-05;1;0.00019044;0.0782;0.0008379;4.2042e-05
1.1151e-05;1;0.00018997;0.0782;0.00084075;4.2185e-05
1.1124e-05;1;0.0001895;0.0782;0.0008436;4.2328e-05
1.1096e-05;1;0.00018903;0.0782;0.00084645;4.2471e-05
1.1069e-05;1;0.00018856;0.0782;0.0008493;4.2614e-05
1.1041e-05;1;0.00018809;0.0782;0.00085215;4.2757e-05
1.1014e-05;1;0.00018763;0.0782;0.000855;4.29e-05
1.0986e-05;1;0.00018716;0.0782;0.00085785;4.3043e-05
1.0959e-05;1;0.00018669;0.0782;0.0008607;4.3186e-05
1.0931e-05;1;0.00018622;0.0782;0.00086355;4.3329e-05
1.0904e-05;1;0.00018575;0.0782;0.0008664;4.3472e-05
1.0876e-05;1;0.00018528;0.0782;0.00086925;4.3615e-05
1.0849e-05;1;0.00018481;0.0782;0.0008721;4.3758e-05
1.0821e-05;1;0.00018434;0.0782;0.00087495;4.3901e-05
1.0794e-05;1;0.00018388;0.0782;0.0008778;4.4044e-05
1.0766e-05;1;0.00018341;0.0782;0.00088065;4.4187e-05
1.0738e-05;1;0.00018294;0.0782;0.0008835;4.433e-05
1.0711e-05;1;0.00018247;0.0782;0.00088635;4.4473e-05
1.0683e-05;1;0.000182;0.0782;0.0008892;4.4616e-05
1.0656e-05;1;0.00018153;0.0782;0.00089205;4.4759e-05
1.0628e-05;1;0.00018106;0.0782;0.0008949;4.4902e-05
1.0601e-05;1;0.00018059;0.0782;0.00089775;4.5045e-05
1.0573e-05;1;0.00018013;0.0782;0.0009006;4.5188e-05
1.0546e-05;1;0.00017966;0.0782;0.00090345;4.5331e-05
1.0518e-05;1;0.00017919;0.0782;0.0009063;4.5474e-05
1.0491e-05;1;0.00017872;0.0782;0.00090915;4.5617e-05
1.0463e-05;1;0.00017825;0.0782;0.000912;4.576e-05
1.0436e-05;1;0.00017778;0.0782;0.00091485;4.5903e-05
1.0408e-05;1;0.00017731;0.0782;0.0009177;4.6046e-05
1.0381e-05;1;0.00017685;0.0782;0.00092055;4.6189e-05
1.0353e-05;1;0.00017638;0.0782;0.0009234;4.6332e-05
1.0326e-05;1;0.00017591;0.0782;0.00092625;4.6475e-05
1.0298e-05;1;0.00017544;0.0782;0.0009291;4.6618e-05
1.0271e-05;1;0.00017497;0.0782;0.00093195;4.6761e-05
1.0216e-05;1;0.00017403;0.0782;0.0009348;4.6904e-05
1.0131e-05;1;0.00017259;0.0782;0.00093765;4.7047e-05
1.0047e-05;1;0.00017115;0.0782;0.0009405;4.719e-05
9.962e-06;1;0.00016971;0.0782;0.00094335;4.7333e-05
9.8774e-06;1;0.00016827;0.0782;0.0009462;4.7476e-05
9.7928e-06;1;0.00016683;0.0782;0.00094905;4.7619e-05
9.7082e-06;1;0.00016539;0.0782;0.0009519;4.7762e-05
9.6236e-06;1;0.00016395;0.0782;0.00095475;4.7905e-05
9.539e-06;1;0.0001625;0.0782;0.0009576;4.8048e-05
9.4544e-06;1;0.00016106;0.0782;0.00096045;4.8191e-05
9.3698e-06;1;0.00015962;0.0782;0.0009633;4.8334e-05
9.2852e-06;1;0.00015818;0.0782;0.00096615;4.8477e-05
9.2005e-06;1;0.00015674;0.0782;0.000969;4.862e-05
9.1159e-06;1;0.0001553;0.0782;0.00097185;4.8763e-05
9.0313e-06;1;0.00015386;0.0782;0.0009747;4.8906e-05
8.9467e-06;1;0.00015241;0.0782;0.00097755;4.9049e-05
8.8621e-06;1;0.00015097;0.0782;0.0009804;4.9192e-05
8.7775e-06;1;0.00014953;0.0782;0.00098325;4.9335e-05
8.6929e-06;1;0.00014809;0.0782;0.0009861;4.9478e-05
8.6083e-06;1;0.00014665;0.0782;0.00098895;4.9621e-05
8.5237e-06;1;0.00014521;0.0782;0.0009918;4.9764e-05
8.4391e-06;1;0.00014377;0.0782;0.00099465;4.9907e-05
8.3545e-06;1;0.00014232;0.0782;0.0009975;5.005e-05
8.2699e-06;1;0.00014088;0.0782;0.0010003;5.0193e-05
8.1853e-06;1;0.00013944;0.0782;0.0010032;5.0336e-05
8.1007e-06;1;0.000138;0.0782;0.0010061;5.0479e-05
8.016e-06;1;0.00013656;0.0782;0.0010089;5.0622e-05
7.9314e-06;1;0.00013512;0.0782;0.0010117;5.0765e-05
7.8468e-06;1;0.00013368;0.0782;0.0010146;5.0908e-05
7.7622e-06;1;0.00013224;0.0782;0.0010175;5.1051e-05
7.6776e-06;1;0.00013079;0.0782;0.0010203;5.1194e-05
7.593e-06;1;0.00012935;0.0782;0.0010232;5.1337e-05
7.5084e-06;1;0.00012791;0.0782;0.001026;5.148e-05
7.4238e-06;1;0.00012647;0.0782;0.0010288;5.1623e-05
7.3392e-06;1;0.00012503;0.0782;0.0010317;5.1766e-05
7.2546e-06;1;0.00012359;0.0782;0.0010346;5.1909e-05
7.17e-06;1;0.00012215;0.0782;0.0010374;5.2052e-05
7.0854e-06;1;0.0001207;0.0782;0.0010403;5.2195e-05
7.0008e-06;1;0.00011926;0.0782;0.0010431;5.2338e-05
6.9161e-06;1;0.00011782;0.0782;0.0010459;5.2481e-05
6.8315e-06;1;0.00011638;0.0782;0.0010488;5.2624e-05
6.7469e-06;1;0.00011494;0.0782;0.0010517;5.2767e-05
6.6623e-06;1;0.0001135;0.0782;0.0010545;5.291e-05
6.5777e-06;1;0.00011206;0.0782;0.0010573;5.3053e-05
6.4931e-06;1;0.00011062;0.0782;0.0010602;5.3196e-05
6.4085e-06;1;0.00010917;0.0782;0.0010631;5.3339e-05
6.3239e-06;1;0.00010773;0.0782;0.0010659;5.3482e-05
6.1898e-06;1;0.00010545;0.0782;0.0010688;5.3625e-05
6.0337e-06;1;0.00010279;0.0782;0.0010716;5.3768e-05
5.8776e-06;1;0.00010013;0.0782;0.0010744;5.3911e-05
5.7215e-06;1;9.7471e-05;0.0782;0.0010773;5.4054e-05
5.5654e-06;1;9.4811e-05;0.0782;0.0010802;5.4197e-05
5.4093e-06;1;9.2152e-05;0.0782;0.001083;5.434e-05
5.2532e-06;1;8.9492e-05;0.0782;0.0010859;5.4483e-05
5.0971e-06;1;8.6833e-05;0.0782;0.0010887;5.4626e-05
4.941e-06;1;8.4174e-05;0.0782;0.0010915;5.4769e-05
4.7849e-06;1;8.1514e-05;0.0782;0.0010944;5.4912e-05
4.6288e-06;1;7.8855e-05;0.0782;0.0010973;5.5055e-05
4.4727e-06;1;7.6195e-05;0.0782;0.0011001;5.5198e-05
4.3166e-06;1;7.3536e-05;0.0782;0.001103;5.5341e-05
4.1604e-06;1;7.0876e-05;0.0782;0.0011058;5.5484e-05
4.0043e-06;1;6.8217e-05;0.0782;0.0011087;5.5627e-05
3.8482e-06;1;6.5558e-05;0.0782;0.0011115;5.577e-05
3.6921e-06;1;6.2898e-05;0.0782;0.0011144;5.5913e-05
3.536e-06;1;6.0239e-05;0.0782;0.0011172;5.6056e-05
3.3799e-06;1;5.7579e-05;0.0782;0.00112;5.6199e-05
3.2238e-06;1;5.492e-05;0.0782;0.0011229;5.6342e-05
3.0677e-06;1;5.2261e-05;0.0782;0.0011258;5.6485e-05
2.9116e-06;1;4.9601e-05;0.0782;0.0011286;5.6628e-05
2.7555e-06;1;4.6942e-05;0.0782;0.0011315;5.6771e-05
2.5994e-06;1;4.4282e-05;0.0782;0.0011343;5.6914e-05
2.4433e-06;1;4.1623e-05;0.0782;0.0011371;5.7057e-05
2.2872e-06;1;3.8963e-05;0.0782;0.00114;5.72e-05
2.1311e-06;1;3.6304e-05;0.0782;0.0011429;5.7343e-05
1.9749e-06;1;3.3645e-05;0.0782;0.0011457;5.7486e-05
1.8188e-06;1;3.0985e-05;0.0782;0.0011486;5.7629e-05
1.6627e-06;1;2.8326e-05;0.0782;0.0011514;5.7772e-05
1.5066e-06;1;2.5666e-05;0.0782;0.0011542;5.7915e-05
1.3505e-06;1;2.3007e-05;0.0782;0.0011571;5.8058e-05
1.1944e-06;1;2.0348e-05;0.0782;0.00116;5.8201e-05
1.0383e-06;1;1.7688e-05;0.0782;0.0011628;5.8344e-05
8.8219e-07;1;1.5029e-05;0.0782;0.0011656;5.8487e-05
7.2608e-07;1;1.2369e-05;0.0782;0.0011685;5.863e-05
5.6998e-07;1;9.71e-06;0.0782;0.0011714;5.8773e-05
4.1387e-07;1;7.0506e-06;0.0782;0.0011742;5.8916e-05
2.5776e-07;1;4.3911e-06;0.0782;0.0011771;5.9059e-05
1.0165e-07;1;1.7317e-06;0.0782;0.0011799;5.9202e-05
-5.4452e-08;1;-9.2764e-07;0.0782;0.0011827;5.9345e-05
-2.1056e-07;1;-3.5871e-06;0.0782;0.0011856;5.9488e-05
-3.6667e-07;1;-6.2465e-06;0.0782;0.0011885;5.9631e-05
-5.2278e-07;1;-8.9059e-06;0.0782;0.0011913;5.9774e-05
-6.7889e-07;1;-1.1565e-05;0.0782;0.0011942;5.9917e-05
-8.3499e-07;1;-1.4225e-05;0.0782;0.001197;6.006e-05
-9.911e-07;1;-1.6884e-05;0.0782;0.0011998;6.0203e-05
-1.2251e-06;1;-2.0871e-05;0.0782;0.0012027;6.0346e-05
-1.4675e-06;1;-2.5e-05;0.0782;0.0012056;6.0489e-05
-1.7099e-06;1;-2.913e-05;0.0782;0.0012084;6.0632e-05
-1.9523e-06;1;-3.3259e-05;0.0782;0.0012112;6.0775e-05
-2.1947e-06;1;-3.7388e-05;0.0782;0.0012141;6.0918e-05
-2.4371e-06;1;-4.1518e-05;0.0782;0.001217;6.1061e-05
-2.6795e-06;1;-4.5647e-05;0.0782;0.0012198;6.1204e-05
-2.9219e-06;1;-4.9777e-05;0.0782;0.0012227;6.1347e-05
-3.1643e-06;1;-5.3906e-05;0.0782;0.0012255;6.149e-05
-3.4067e-06;1;-5.8035e-05;0.0782;0.0012283;6.1633e-05
-3.6491e-06;1;-6.2165e-05;0.0782;0.0012312;6.1776e-05
-3.8915e-06;1;-6.6294e-05;0.0782;0.0012341;6.1919e-05
-4.1339e-06;1;-7.0423e-05;0.0782;0.0012369;6.2062e-05
-4.3763e-06;1;-7.4553e-05;0.0782;0.0012398;6.2205e-05
-4.6187e-06;1;-7.8682e-05;0.0782;0.0012426;6.2348e-05
-4.861e-06;1;-8.2812e-05;0.0782;0.0012454;6.2491e-05
-5.1034e-06;1;-8.6941e-05;0.0782;0.0012483;6.2634e-05
-5.3458e-06;1;-9.107e-05;0.0782;0.0012512;6.2777e-05
-5.5882e-06;1;-9.52e-05;0.0782;0.001254;6.292e-05
-5.8306e-06;1;-9.9329e-05;0.0782;0.0012568;6.3063e-05
-6.073e-06;1;-0.00010346;0.0782;0.0012597;6.3206e-05
-6.3154e-06;1;-0.00010759;0.0782;0.0012626;6.3349e-05
-6.5578e-06;1;-0.00011172;0.0782;0.0012654;6.3492e-05
-6.8002e-06;1;-0.00011585;0.0782;0.0012683;6.3635e-05
-7.0426e-06;1;-0.00011998;0.0782;0.0012711;6.3778e-05
-7.285e-06;1;-0.00012411;0.0782;0.0012739;6.3921e-05
-7.5274e-06;1;-0.00012824;0.0782;0.0012768;6.4064e-05
-7.7698e-06;1;-0.00013236;0.0782;0.0012797;6.4207e-05
-8.0122e-06;1;-0.00013649;0.0782;0.0012825;6.435e-05
-8.2546e-06;1;-0.00014062;0.0782;0.0012854;6.4493e-05
-8.497e-06;1;-0.00014475;0.0782;0.0012882;6.4636e-05
-8.7394e-06;1;-0.00014888;0.0782;0.001291;6.4779e-05
-8.9818e-06;1;-0.00015301;0.0782;0.0012939;6.4922e-05
-9.2242e-06;1;-0.00015714;0.0782;0.0012968;6.5065e-05
-9.4666e-06;1;-0.00016127;0.0782;0.0012996;6.5208e-05
-9.7089e-06;1;-0.0001654;0.0782;0.0013024;6.5351e-05
-9.9513e-06;1;-0.00016953;0.0782;0.0013053;6.5494e-05
-1.0194e-05;1;-0.00017366;0.0782;0.0013082;6.5637e-05
-1.0436e-05;1;-0.00017779;0.0782;0.001311;6.578e-05
-1.0679e-05;1;-0.00018192;0.0782;0.0013139;6.5923e-05
-1.0921e-05;1;-0.00018605;0.0782;0.0013167;6.6066e-05
-1.1163e-05;1;-0.00019018;0.0782;0.0013195;6.6209e-05
-1.1406e-05;1;-0.00019431;0.0782;0.0013224;6.6352e-05
-1.1648e-05;1;-0.00019843;0.0782;0.0013253;6.6495e-05
-1.1891e-05;1;-0.00020256;0.0782;0.0013281;6.6638e-05
-1.2133e-05;1;-0.00020669;0.0782;0.001331;6.6781e-05
-1.2387e-05;1;-0.00021102;0.0782;0.0013338;6.6924e-05
-1.2731e-05;1;-0.00021688;0.0782;0.0013366;6.7067e-05
-1.3075e-05;1;-0.00022274;0.0782;0.0013395;6.721e-05
-1.3419e-05;1;-0.00022861;0.0782;0.0013424;6.7353e-05
-1.3763e-05;1;-0.00023447;0.0782;0.0013452;6.7496e-05
-1.4107e-05;1;-0.00024033;0.0782;0.0013481;6.7639e-05
-1.4451e-05;1;-0.00024619;0.0782;0.0013509;6.7782e-05
-1.4795e-05;1;-0.00025205;0.0782;0.0013538;6.7925e-05
-1.5139e-05;1;-0.00025791;0.0782;0.0013566;6.8068e-05
-1.5483e-05;1;-0.00026377;0.0782;0.0013595;6.8211e-05
-1.5828e-05;1;-0.00026963;0.0782;0.0013623;6.8354e-05
-1.6172e-05;1;-0.0002755;0.0782;0.0013651;6.8497e-05
-1.6516e-05;1;-0.00028136;0.0782;0.001368;6.864e-05
-1.686e-05;1;-0.00028722;0.0782;0.0013709;6.8783e-05
-1.7204e-05;1;-0.00029308;0.0782;0.0013737;6.8926e-05
-1.7548e-05;1;-0.00029894;0.0782;0.0013766;6.9069e-05
-1.7892e-05;1;-0.0003048;0.0782;0.0013794;6.9212e-05
-1.8236e-05;1;-0.00031066;0.0782;0.0013822;6.9355e-05
-1.858e-05;1;-0.00031653;0.0782;0.0013851;6.9498e-05
-1.8924e-05;1;-0.00032239;0.0782;0.001388;6.9641e-05
-1.9268e-05;1;-0.00032825;0.0782;0.0013908;6.9784e-05
-1.9612e-05;1;-0.00033411;0.0782;0.0013937;6.9927e-05
-1.9956e-05;1;-0.00033997;0.0782;0.0013965;7.007e-05
-2.03e-05;1;-0.00034583;0.0782;0.0013994;7.0213e-05
-2.0644e-05;1;-0.00035169;0.0782;0.0014022;7.0356e-05
-2.0989e-05;1;-0.00035756;0.0782;0.0014051;7.0499e-05
-2.1333e-05;1;-0.00036342;0.0782;0.0014079;7.0642e-05
-2.1677e-05;1;-0.00036928;0.0782;0.0014107;7.0785e-05
-2.2021e-05;1;-0.00037514;0.0782;0.0014136;7.0928e-05
-2.2365e-05;1;-0.000381;0.0782;0.0014165;7.1071e-05
-2.2709e-05;1;-0.00038686;0.0782;0.0014193;7.1214e-05
-2.3053e-05;1;-0.00039272;0.0782;0.0014222;7.1357e-05
-2.3397e-05;1;-0.00039859;0.0782;0.001425;7.15e-05
-2.3741e-05;1;-0.00040445;0.0782;0.0014278;7.1643e-05
-2.4085e-05;1;-0.00041031;0.0782;0.0014307;7.1786e-05
-2.4429e-05;1;-0.00041617;0.0782;0.0014336;7.1929e-05
-2.4773e-05;1;-0.00042203;0.0782;0.0014364;7.2072e-05
-2.5117e-05;1;-0.00042789;0.0782;0.0014393;7.2215e-05
-2.5461e-05;1;-0.00043375;0.0782;0.0014421;7.2358e-05
-2.5805e-05;1;-0.00043962;0.0782;0.001445;7.2501e-05
-2.6149e-05;1;-0.00044548;0.0782;0.0014478;7.2644e-05
-2.6494e-05;1;-0.00045134;0.0782;0.0014507;7.2787e-05
-2.6838e-05;1;-0.0004572;0.0782;0.0014535;7.293e-05
-2.7182e-05;1;-0.00046306;0.0782;0.0014563;7.3073e-05
-2.7526e-05;1;-0.00046892;0.0782;0.0014592;7.3216e-05
-2.787e-05;1;-0.00047478;0.0782;0.0014621;7.3359e-05
-2.8214e-05;1;-0.00048064;0.0782;0.0014649;7.3502e-05
-2.8596e-05;1;-0.00048716;0.0782;0.0014678;7.3645e-05
-2.9058e-05;1;-0.00049503;0.0782;0.0014706;7.3788e-05
-2.952e-05;1;-0.0005029;0.0782;0.0014734;7.3931e-05
-2.9982e-05;1;-0.00051077;0.0782;0.0014763;7.4074e-05
-3.0444e-05;1;-0.00051864;0.0782;0.0014792;7.4217e-05
-3.0906e-05;1;-0.00052651;0.0782;0.001482;7.436e-05
-3.1368e-05;1;-0.00053437;0.0782;0.0014849;7.4503e-05
-3.183e-05;1;-0.00054224;0.0782;0.0014877;7.4646e-05
-3.2292e-05;1;-0.00055011;0.0782;0.0014905;7.4789e-05
-3.2754e-05;1;-0.00055798;0.0782;0.0014934;7.4932e-05
-3.3215e-05;1;-0.00056585;0.0782;0.0014963;7.5075e-05
-3.3677e-05;1;-0.00057372;0.0782;0.0014991;7.5218e-05
-3.4139e-05;1;-0.00058159;0.0782;0.0015019;7.5361e-05
-3.4601e-05;1;-0.00058946;0.0782;0.0015048;7.5504e-05
-3.5063e-05;1;-0.00059733;0.0782;0.0015077;7.5647e-05
-3.5525e-05;1;-0.0006052;0.0782;0.0015105;7.579e-05
-3.5987e-05;1;-0.00061306;0.0782;0.0015134;7.5933e-05
-3.6449e-05;1;-0.00062093;0.0782;0.0015162;7.6076e-05
-3.6911e-05;1;-0.0006288;0.0782;0.001519;7.6219e-05
-3.7373e-05;1;-0.00063667;0.0782;0.0015219;7.6362e-05
-3.7835e-05;1;-0.00064454;0.0782;0.0015248;7.6505e-05
-3.8296e-05;1;-0.00065241;0.0782;0.0015276;7.6648e-05
-3.8758e-05;1;-0.00066028;0.0782;0.0015305;7.6791e-05
-3.922e-05;1;-0.00066815;0.0782;0.0015333;7.6934e-05
-3.9682e-05;1;-0.00067602;0.0782;0.0015361;7.7077e-05
-4.0144e-05;1;-0.00068389;0.0782;0.001539;7.722e-05
-4.0606e-05;1;-0.00069175;0.0782;0.0015419;7.7363e-05
-4.1068e-05;1;-0.00069962;0.0782;0.0015447;7.7506e-05
-4.153e-05;1;-0.00070749;0.0782;0.0015476;7.7649e-05
-4.1992e-05;1;-0.00071536;0.0782;0.0015504;7.7792e-05
-4.2454e-05;1;-0.00072323;0.0782;0.0015533;7.7935e-05
-4.2916e-05;1;-0.0007311;0.0782;0.0015561;7.8078e-05
-4.3377e-05;1;-0.00073897;0.0782;0.001559;7.8221e-05
-4.3839e-05;1;-0.00074684;0.0782;0.0015618;7.8364e-05
-4.4301e-05;1;-0.00075471;0.0782;0.0015646;7.8507e-05
-4.4763e-05;1;-0.00076258;0.0782;0.0015675;7.865e-05
-4.5225e-05;1;-0.00077044;0.0782;0.0015704;7.8793e-05
-4.5687e-05;1;-0.00077831;0.0782;0.0015732;7.8936e-05
-4.6149e-05;1;-0.00078618;0.0782;0.0015761;7.9079e-05
-4.6611e-05;1;-0.00079405;0.0782;0.0015789;7.9222e-05
-4.7073e-05;1;-0.00080192;0.0782;0.0015817;7.9365e-05
-4.7535e-05;1;-0.00080979;0.0782;0.0015846;7.9508e-05
-4.7997e-05;1;-0.00081766;0.0782;0.0015875;7.9651e-05
-4.8458e-05;1;-0.00082553;0.0782;0.0015903;7.9794e-05
-4.892e-05;1;-0.0008334;0.0782;0.0015932;7.9937e-05
-4.9382e-05;1;-0.00084127;0.0782;0.001596;8.008e-05
-4.9844e-05;1;-0.00084913;0.0782;0.0015989;8.0223e-05
-5.0379e-05;1;-0.00085824;0.0782;0.0016017;8.0366e-05
-5.0976e-05;1;-0.00086841;0.0782;0.0016046;8.0509e-05
-5.1573e-05;1;-0.00087858;0.0782;0.0016074;8.0652e-05
-5.2169e-05;1;-0.00088875;0.0782;0.0016102;8.0795e-05
-5.2766e-05;1;-0.00089892;0.0782;0.0016131;8.0938e-05
-5.3363e-05;1;-0.00090908;0.0782;0.001616;8.1081e-05
-5.396e-05;1;-0.00091925;0.0782;0.0016188;8.1224e-05
-5.4557e-05;1;-0.00092942;0.0782;0.0016217;8.1367e-05
-5.5154e-05;1;-0.00093959;0.0782;0.0016245;8.151e-05
-5.5751e-05;1;-0.00094976;0.0782;0.0016273;8.1653e-05
-5.6348e-05;1;-0.00095993;0.0782;0.0016302;8.1796e-05
-5.6945e-05;1;-0.0009701;0.0782;0.0016331;8.1939e-05
-5.7542e-05;1;-0.00098027;0.0782;0.0016359;8.2082e-05
-5.8139e-05;1;-0.00099044;0.0782;0.0016388;8.2225e-05
-5.8736e-05;1;-0.0010006;0.0782;0.0016416;8.2368e-05
-5.9333e-05;1;-0.0010108;0.0782;0.0016445;8.2511e-05
-5.9929e-05;1;-0.0010209;0.0782;0.0016473;8.2654e-05
-6.0526e-05;1;-0.0010311;0.0782;0.0016502;8.2797e-05
-6.1123e-05;1;-0.0010413;0.0782;0.001653;8.294e-05
-6.172e-05;1;-0.0010515;0.0782;0.0016558;8.3083e-05
-6.2317e-05;1;-0.0010616;0.0782;0.0016587;8.3226e-05
-6.2914e-05;1;-0.0010718;0.0782;0.0016616;8.3369e-05
-6.3511e-05;1;-0.001082;0.0782;0.0016644;8.3512e-05
-6.4108e-05;1;-0.0010921;0.0782;0.0016673;8.3655e-05
-6.4705e-05;1;-0.0011023;0.0782;0.0016701;8.3798e-05
-6.5302e-05;1;-0.0011125;0.0782;0.0016729;8.3941e-05
-6.5899e-05;1;-0.0011226;0.0782;0.0016758;8.4084e-05
-6.6496e-05;1;-0.0011328;0.0782;0.0016787;8.4227e-05
-6.7093e-05;1;-0.001143;0.0782;0.0016815;8.437e-05
-6.7689e-05;1;-0.0011531;0.0782;0.0016844;8.4513e-05
-6.8286e-05;1;-0.0011633;0.0782;0.0016872;8.4656e-05
-6.8883e-05;1;-0.0011735;0.0782;0.0016901;8.4799e-05
-6.948e-05;1;-0.0011836;0.0782;0.0016929;8.4942e-05
-7.0077e-05;1;-0.0011938;0.0782;0.0016958;8.5085e-05
-7.0674e-05;1;-0.001204;0.0782;0.0016986;8.5228e-05
-7.1271e-05;1;-0.0012142;0.0782;0.0017014;8.5371e-05
-7.1868e-05;1;-0.0012243;0.0782;0.0017043;8.5514e-05
-7.2465e-05;1;-0.0012345;0.0782;0.0017072;8.5657e-05
-7.3062e-05;1;-0.0012447;0.0782;0.00171;8.58e-05
-7.3659e-05;1;-0.0012548;0.0782;0.0017129;8.5943e-05
-7.4256e-05;1;-0.001265;0.0782;0.0017157;8.6086e-05
-7.4853e-05;1;-0.0012752;0.0782;0.0017185;8.6229e-05
-7.5449e-05;1;-0.0012853;0.0782;0.0017214;8.6372e-05
-7.6046e-05;1;-0.0012955;0.0782;0.0017243;8.6515e-05
-7.6643e-05;1;-0.0013057;0.0782;0.0017271;8.6658e-05
-7.724e-05;1;-0.0013158;0.0782;0.00173;8.6801e-05
-7.7837e-05;1;-0.001326;0.0782;0.0017328;8.6944e-05
-7.8549e-05;1;-0.0013381;0.0782;0.0017357;8.7087e-05
-7.9299e-05;1;-0.0013509;0.0782;0.0017385;8.723e-05
-8.0049e-05;1;-0.0013637;0.0782;0.0017414;8.7373e-05
-8.08e-05;1;-0.0013765;0.0782;0.0017442;8.7516e-05
-8.155e-05;1;-0.0013893;0.0782;0.001747;8.7659e-05
-8.23e-05;1;-0.001402;0.0782;0.0017499;8.7802e-05
-8.305e-05;1;-0.0014148;0.0782;0.0017528;8.7945e-05
-8.3801e-05;1;-0.0014276;0.0782;0.0017556;8.8088e-05
-8.4551e-05;1;-0.0014404;0.0782;0.0017585;8.8231e-05
-8.5301e-05;1;-0.0014532;0.0782;0.0017613;8.8374e-05
-8.6052e-05;1;-0.001466;0.0782;0.0017641;8.8517e-05
-8.6802e-05;1;-0.0014787;0.0782;0.001767;8.866e-05
-8.7552e-05;1;-0.0014915;0.0782;0.0017699;8.8803e-05
-8.8302e-05;1;-0.0015043;0.0782;0.0017727;8.8946e-05
-8.9053e-05;1;-0.0015171;0.0782;0.0017756;8.9089e-05
-8.9803e-05;1;-0.0015299;0.0782;0.0017784;8.9232e-05
-9.0553e-05;1;-0.0015426;0.0782;0.0017813;8.9375e-05
-9.1303e-05;1;-0.0015554;0.0782;0.0017841;8.9518e-05
-9.2054e-05;1;-0.0015682;0.0782;0.001787;8.9661e-05
-9.2804e-05;1;-0.001581;0.0782;0.0017898;8.9804e-05
-9.3554e-05;1;-0.0015938;0.0782;0.0017927;8.9947e-05
-9.4305e-05;1;-0.0016066;0.0782;0.0017955;9.009e-05
-9.5055e-05;1;-0.0016193;0.0782;0.0017984;9.0233e-05
-9.5805e-05;1;-0.0016321;0.0782;0.0018012;9.0376e-05
-9.6555e-05;1;-0.0016449;0.0782;0.0018041;9.0519e-05
-9.7306e-05;1;-0.0016577;0.0782;0.0018069;9.0662e-05
-9.8056e-05;1;-0.0016705;0.0782;0.0018097;9.0805e-05
-9.8806e-05;1;-0.0016832;0.0782;0.0018126;9.0948e-05
-9.9556e-05;1;-0.001696;0.0782;0.0018155;9.1091e-05
-0.00010031;1;-0.0017088;0.0782;0.0018183;9.1234e-05
-0.00010106;1;-0.0017216;0.0782;0.0018212;9.1377e-05
-0.00010181;1;-0.0017344;0.0782;0.001824;9.152e-05
-0.00010256;1;-0.0017471;0.0782;0.0018268;9.1663e-05
-0.00010331;1;-0.0017599;0.0782;0.0018297;9.1806e-05
-0.00010406;1;-0.0017727;0.0782;0.0018326;9.1949e-05
-0.00010481;1;-0.0017855;0.0782;0.0018354;9.2092e-05
-0.00010556;1;-0.0017983;0.0782;0.0018383;9.2235e-05
-0.00010631;1;-0.0018111;0.0782;0.0018411;9.2378e-05
-0.00010706;1;-0.0018238;0.0782;0.001844;9.2521e-05
-0.00010781;1;-0.0018366;0.0782;0.0018468;9.2664e-05
-0.00010856;1;-0.0018494;0.0782;0.0018497;9.2807e-05
-0.00010931;1;-0.0018622;0.0782;0.0018525;9.295e-05
-0.00011006;1;-0.001875;0.0782;0.0018553;9.3093e-05
-0.00011081;1;-0.0018877;0.0782;0.0018582;9.3236e-05
-0.00011156;1;-0.0019005;0.0782;0.0018611;9.3379e-05
-0.00011231;1;-0.0019133;0.0782;0.0018639;9.3522e-05
-0.00011306;1;-0.0019261;0.0782;0.0018668;9.3665e-05
-0.00011398;1;-0.0019417;0.0782;0.0018696;9.3808e-05
-0.0001149;1;-0.0019574;0.0782;0.0018724;9.3951e-05
-0.00011582;1;-0.0019732;0.0782;0.0018753;9.4094e-05
-0.00011675;1;-0.0019889;0.0782;0.0018782;9.4237e-05
-0.00011767;1;-0.0020046;0.0782;0.001881;9.438e-05
-0.00011859;1;-0.0020203;0.0782;0.0018839;9.4523e-05
-0.00011952;1;-0.0020361;0.0782;0.0018867;9.4666e-05
-0.00012044;1;-0.0020518;0.0782;0.0018896;9.4809e-05
-0.00012136;1;-0.0020675;0.0782;0.0018924;9.4952e-05
-0.00012229;1;-0.0020833;0.0782;0.0018953;9.5095e-05
-0.00012321;1;-0.002099;0.0782;0.0018981;9.5238e-05
-0.00012413;1;-0.0021147;0.0782;0.0019009;9.5381e-05
-0.00012506;1;-0.0021304;0.0782;0.0019038;9.5524e-05
-0.00012598;1;-0.0021462;0.0782;0.0019067;9.5667e-05
-0.0001269;1;-0.0021619;0.0782;0.0019095;9.581e-05
-0.00012783;1;-0.0021776;0.0782;0.0019124;9.5953e-05
-0.00012875;1;-0.0021934;0.0782;0.0019152;9.6096e-05
-0.00012967;1;-0.0022091;0.0782;0.001918;9.6239e-05
-0.0001306;1;-0.0022248;0.0782;0.0019209;9.6382e-05
-0.00013152;1;-0.0022405;0.0782;0.0019238;9.6525e-05
-0.00013244;1;-0.0022563;0.0782;0.0019266;9.6668e-05
-0.00013337;1;-0.002272;0.0782;0.0019295;9.6811e-05
-0.00013429;1;-0.0022877;0.0782;0.0019323;9.6954e-05
-0.00013521;1;-0.0023035;0.0782;0.0019352;9.7097e-05
-0.00013614;1;-0.0023192;0.0782;0.001938;9.724e-05
-0.00013706;1;-0.0023349;0.0782;0.0019409;9.7383e-05
-0.00013798;1;-0.0023506;0.0782;0.0019437;9.7526e-05
-0.00013891;1;-0.0023664;0.0782;0.0019465;9.7669e-05
-0.00013983;1;-0.0023821;0.0782;0.0019494;9.7812e-05
-0.00014075;1;-0.0023978;0.0782;0.0019523;9.7955e-05
-0.00014168;1;-0.0024136;0.0782;0.0019551;9.8098e-05
-0.0001426;1;-0.0024293;0.0782;0.0019579;9.8241e-05
-0.00014352;1;-0.002445;0.0782;0.0019608;9.8384e-05
-0.00014445;1;-0.0024607;0.0782;0.0019637;9.8527e-05
-0.00014537;1;-0.0024765;0.0782;0.0019665;9.867e-05
-0.00014629;1;-0.0024922;0.0782;0.0019694;9.8813e-05
-0.00014722;1;-0.0025079;0.0782;0.0019722;9.8956e-05
-0.00014814;1;-0.0025237;0.0782;0.001975;9.9099e-05
-0.00014906;1;-0.0025394;0.0782;0.0019779;9.9242e-05
-0.00014999;1;-0.0025551;0.0782;0.0019808;9.9385e-05
-0.00015091;1;-0.0025709;0.0782;0.0019836;9.9528e-05
-0.00015183;1;-0.0025866;0.0782;0.0019865;9.9671e-05
-0.00015276;1;-0.0026023;0.0782;0.0019893;9.9814e-05
-0.00015368;1;-0.002618;0.0782;0.0019921;9.9957e-05
-0.0001546;1;-0.0026338;0.0782;0.001995;0.0001001
-0.00015553;1;-0.0026495;0.0782;0.0019979;0.00010024
-0.00015648;1;-0.0026658;0.0782;0.0020007;0.00010039
-0.0001576;1;-0.0026848;0.0782;0.0020036;0.00010053
-0.00015872;1;-0.0027039;0.0782;0.0020064;0.00010067
-0.00015983;1;-0.0027229;0.0782;0.0020092;0.00010081
-0.00016095;1;-0.0027419;0.0782;0.0020121;0.00010096
-0.00016207;1;-0.002761;0.0782;0.0020149;0.0001011
-0.00016319;1;-0.00278;0.0782;0.0020178;0.00010124
-0.0001643;1;-0.002799;0.0782;0.0020207;0.00010139
-0.00016542;1;-0.0028181;0.0782;0.0020235;0.00010153
-0.00016654;1;-0.0028371;0.0782;0.0020264;0.00010167
-0.00016766;1;-0.0028561;0.0782;0.0020292;0.00010182
-0.00016877;1;-0.0028752;0.0782;0.002032;0.00010196
-0.00016989;1;-0.0028942;0.0782;0.0020349;0.0001021
-0.00017101;1;-0.0029133;0.0782;0.0020378;0.00010224
-0.00017213;1;-0.0029323;0.0782;0.0020406;0.00010239
-0.00017324;1;-0.0029513;0.0782;0.0020435;0.00010253
-0.00017436;1;-0.0029704;0.0782;0.0020463;0.00010267
-0.00017548;1;-0.0029894;0.0782;0.0020491;0.00010282
-0.0001766;1;-0.0030084;0.0782;0.002052;0.00010296
-0.00017771;1;-0.0030275;0.0782;0.0020549;0.0001031
-0.00017883;1;-0.0030465;0.0782;0.0020577;0.00010325
-0.00017995;1;-0.0030655;0.0782;0.0020606;0.00010339
-0.00018106;1;-0.0030846;0.0782;0.0020634;0.00010353
-0.00018218;1;-0.0031036;0.0782;0.0020662;0.00010367
-0.0001833;1;-0.0031227;0.0782;0.0020691;0.00010382
-0.00018442;1;-0.0031417;0.0782;0.002072;0.00010396
-0.00018553;1;-0.0031607;0.0782;0.0020748;0.0001041
-0.00018665;1;-0.0031798;0.0782;0.0020777;0.00010425
-0.00018777;1;-0.0031988;0.0782;0.0020805;0.00010439
-0.00018889;1;-0.0032178;0.0782;0.0020833;0.00010453
-0.00019;1;-0.0032369;0.0782;0.0020862;0.00010468
-0.00019112;1;-0.0032559;0.0782;0.0020891;0.00010482
-0.00019224;1;-0.0032749;0.0782;0.0020919;0.00010496
-0.00019336;1;-0.003294;0.0782;0.0020948;0.0001051
-0.00019447;1;-0.003313;0.0782;0.0020976;0.00010525
-0.00019559;1;-0.003332;0.0782;0.0021004;0.00010539
-0.00019671;1;-0.0033511;0.0782;0.0021033;0.00010553
-0.00019783;1;-0.0033701;0.0782;0.0021062;0.00010568
-0.00019894;1;-0.0033892;0.0782;0.002109;0.00010582
-0.00020006;1;-0.0034082;0.0782;0.0021119;0.00010596
-0.00020118;1;-0.0034272;0.0782;0.0021147;0.00010611
-0.0002023;1;-0.0034463;0.0782;0.0021176;0.00010625
-0.00020341;1;-0.0034653;0.0782;0.0021204;0.00010639
-0.00020453;1;-0.0034843;0.0782;0.0021232;0.00010653
-0.00020565;1;-0.0035034;0.0782;0.0021261;0.00010668
-0.00020677;1;-0.0035224;0.0782;0.002129;0.00010682
-0.00020788;1;-0.0035414;0.0782;0.0021318;0.00010696
-0.00020908;1;-0.0035619;0.0782;0.0021347;0.00010711
-0.00021042;1;-0.0035846;0.0782;0.0021375;0.00010725
-0.00021175;1;-0.0036073;0.0782;0.0021403;0.00010739
-0.00021309;1;-0.0036301;0.0782;0.0021432;0.00010754
-0.00021442;1;-0.0036528;0.0782;0.0021461;0.00010768
-0.00021575;1;-0.0036755;0.0782;0.0021489;0.00010782
-0.00021709;1;-0.0036983;0.0782;0.0021518;0.00010796
-0.00021842;1;-0.003721;0.0782;0.0021546;0.00010811
-0.00021976;1;-0.0037437;0.0782;0.0021574;0.00010825
-0.00022109;1;-0.0037664;0.0782;0.0021603;0.00010839
-0.00022242;1;-0.0037892;0.0782;0.0021632;0.00010854
-0.00022376;1;-0.0038119;0.0782;0.002166;0.00010868
-0.00022509;1;-0.0038346;0.0782;0.0021689;0.00010882
-0.00022643;1;-0.0038574;0.0782;0.0021717;0.00010897
-0.00022776;1;-0.0038801;0.0782;0.0021745;0.00010911
-0.00022909;1;-0.0039028;0.0782;0.0021774;0.00010925
-0.00023043;1;-0.0039255;0.0782;0.0021803;0.00010939
-0.00023176;1;-0.0039483;0.0782;0.0021831;0.00010954
-0.0002331;1;-0.003971;0.0782;0.002186;0.00010968
-0.00023443;1;-0.0039937;0.0782;0.0021888;0.00010982
-0.00023577;1;-0.0040164;0.0782;0.0021916;0.00010997
-0.0002371;1;-0.0040392;0.0782;0.0021945;0.00011011
-0.00023843;1;-0.0040619;0.0782;0.0021974;0.00011025
-0.00023977;1;-0.0040846;0.0782;0.0022002;0.0001104
-0.0002411;1;-0.0041074;0.0782;0.0022031;0.00011054
-0.00024244;1;-0.0041301;0.0782;0.0022059;0.00011068
-0.00024377;1;-0.0041528;0.0782;0.0022087;0.00011082
-0.0002451;1;-0.0041755;0.0782;0.0022116;0.00011097
-0.00024644;1;-0.0041983;0.0782;0.0022144;0.00011111
-0.00024777;1;-0.004221;0.0782;0.0022173;0.00011125
-0.00024911;1;-0.0042437;0.0782;0.0022202;0.0001114
-0.00025044;1;-0.0042665;0.0782;0.002223;0.00011154
-0.00025178;1;-0.0042892;0.0782;0.0022259;0.00011168
-0.00025311;1;-0.0043119;0.0782;0.0022287;0.00011183
-0.00025444;1;-0.0043346;0.0782;0.0022315;0.00011197
-0.00025578;1;-0.0043574;0.0782;0.0022344;0.00011211
-0.00025711;1;-0.0043801;0.0782;0.0022373;0.00011225
-0.00025845;1;-0.0044028;0.0782;0.0022401;0.0001124
-0.00025978;1;-0.0044256;0.0782;0.002243;0.00011254
-0.00026111;1;-0.0044483;0.0782;0.0022458;0.00011268
-0.00026245;1;-0.004471;0.0782;0.0022486;0.00011283
-0.00026378;1;-0.0044937;0.0782;0.0022515;0.00011297
-0.00026512;1;-0.0045165;0.0782;0.0022544;0.00011311
-0.00026645;1;-0.0045392;0.0782;0.0022572;0.00011326
-0.00026778;1;-0.0045619;0.0782;0.0022601;0.0001134
-0.00026912;1;-0.0045846;0.0782;0.0022629;0.00011354
-0.00027045;1;-0.0046074;0.0782;0.0022657;0.00011368
-0.00027193;1;-0.0046325;0.0782;0.0022686;0.00011383
-0.00027351;1;-0.0046594;0.0782;0.0022715;0.00011397
-0.00027508;1;-0.0046862;0.0782;0.0022743;0.00011411
-0.00027665;1;-0.004713;0.0782;0.0022772;0.00011426
-0.00027823;1;-0.0047399;0.0782;0.00228;0.0001144
-0.0002798;1;-0.0047667;0.0782;0.0022828;0.00011454
-0.00028138;1;-0.0047935;0.0782;0.0022857;0.00011469
-0.00028295;1;-0.0048203;0.0782;0.0022886;0.00011483
-0.00028453;1;-0.0048472;0.0782;0.0022914;0.00011497
-0.0002861;1;-0.004874;0.0782;0.0022943;0.00011511
-0.00028768;1;-0.0049008;0.0782;0.0022971;0.00011526
-0.00028925;1;-0.0049277;0.0782;0.0022999;0.0001154
-0.00029083;1;-0.0049545;0.0782;0.0023028;0.00011554
-0.0002924;1;-0.0049813;0.0782;0.0023057;0.00011569
-0.00029398;1;-0.0050081;0.0782;0.0023085;0.00011583
-0.00029555;1;-0.005035;0.0782;0.0023114;0.00011597
-0.00029713;1;-0.0050618;0.0782;0.0023142;0.00011612
-0.0002987;1;-0.0050886;0.0782;0.0023171;0.00011626
-0.00030028;1;-0.0051155;0.0782;0.0023199;0.0001164
-0.00030185;1;-0.0051423;0.0782;0.0023227;0.00011654
-0.00030343;1;-0.0051691;0.0782;0.0023256;0.00011669
-0.000305;1;-0.005196;0.0782;0.0023285;0.00011683
-0.00030658;1;-0.0052228;0.0782;0.0023313;0.00011697
-0.00030815;1;-0.0052496;0.0782;0.0023342;0.00011712
-0.00030973;1;-0.0052764;0.0782;0.002337;0.00011726
-0.0003113;1;-0.0053033;0.0782;0.0023398;0.0001174
-0.00031288;1;-0.0053301;0.0782;0.0023427;0.00011755
-0.00031445;1;-0.0053569;0.0782;0.0023456;0.00011769
-0.00031603;1;-0.0053838;0.0782;0.0023484;0.00011783
-0.0003176;1;-0.0054106;0.0782;0.0023513;0.00011797
-0.00031918;1;-0.0054374;0.0782;0.0023541;0.00011812
-0.00032075;1;-0.0054642;0.0782;0.0023569;0.00011826
-0.00032233;1;-0.0054911;0.0782;0.0023598;0.0001184
-0.0003239;1;-0.0055179;0.0782;0.0023627;0.00011855
-0.00032548;1;-0.0055447;0.0782;0.0023655;0.00011869
-0.00032705;1;-0.0055716;0.0782;0.0023684;0.00011883
-0.00032863;1;-0.0055984;0.0782;0.0023712;0.00011898
-0.0003302;1;-0.0056252;0.0782;0.002374;0.00011912
-0.00033178;1;-0.0056521;0.0782;0.0023769;0.00011926
-0.00033335;1;-0.0056789;0.0782;0.0023798;0.0001194
-0.00033493;1;-0.0057057;0.0782;0.0023826;0.00011955
-0.0003365;1;-0.0057325;0.0782;0.0023855;0.00011969
-0.00033807;1;-0.0057594;0.0782;0.0023883;0.00011983
-0.00033965;1;-0.0057862;0.0782;0.0023911;0.00011998
-0.00034122;1;-0.005813;0.0782;0.002394;0.00012012
-0.0003428;1;-0.0058399;0.0782;0.0023969;0.00012026
-0.00034437;1;-0.0058667;0.0782;0.0023997;0.00012041
-0.00034616;1;-0.0058972;0.0782;0.0024026;0.00012055
-0.000348;1;-0.0059285;0.0782;0.0024054;0.00012069
-0.00034984;1;-0.0059599;0.0782;0.0024083;0.00012083
-0.00035169;1;-0.0059912;0.0782;0.0024111;0.00012098
-0.00035353;1;-0.0060226;0.0782;0.0024139;0.00012112
-0.00035537;1;-0.006054;0.0782;0.0024168;0.00012126
-0.00035721;1;-0.0060853;0.0782;0.0024197;0.00012141
-0.00035905;1;-0.0061167;0.0782;0.0024225;0.00012155
-0.00036089;1;-0.006148;0.0782;0.0024254;0.00012169
-0.00036273;1;-0.0061794;0.0782;0.0024282;0.00012184
-0.00036457;1;-0.0062107;0.0782;0.002431;0.00012198
-0.00036641;1;-0.0062421;0.0782;0.0024339;0.00012212
-0.00036825;1;-0.0062735;0.0782;0.0024368;0.00012226
-0.00037009;1;-0.0063048;0.0782;0.0024396;0.00012241
-0.00037193;1;-0.0063362;0.0782;0.0024425;0.00012255
-0.00037377;1;-0.0063675;0.0782;0.0024453;0.00012269
-0.00037561;1;-0.0063989;0.0782;0.0024481;0.00012284
-0.00037746;1;-0.0064302;0.0782;0.002451;0.00012298
-0.0003793;1;-0.0064616;0.0782;0.0024539;0.00012312
-0.00038114;1;-0.006493;0.0782;0.0024567;0.00012327
-0.00038298;1;-0.0065243;0.0782;0.0024596;0.00012341
-0.00038482;1;-0.0065557;0.0782;0.0024624;0.00012355
-0.00038666;1;-0.006587;0.0782;0.0024652;0.00012369
-0.0003885;1;-0.0066184;0.0782;0.0024681;0.00012384
-0.00039034;1;-0.0066498;0.0782;0.002471;0.00012398
-0.00039218;1;-0.0066811;0.0782;0.0024738;0.00012412
-0.00039402;1;-0.0067125;0.0782;0.0024767;0.00012427
-0.00039586;1;-0.0067438;0.0782;0.0024795;0.00012441
-0.0003977;1;-0.0067752;0.0782;0.0024823;0.00012455
-0.00039954;1;-0.0068065;0.0782;0.0024852;0.0001247
-0.00040138;1;-0.0068379;0.0782;0.0024881;0.00012484
-0.00040323;1;-0.0068693;0.0782;0.0024909;0.00012498
-0.00040507;1;-0.0069006;0.0782;0.0024938;0.00012512
-0.00040691;1;-0.006932;0.0782;0.0024966;0.00012527
-0.00040875;1;-0.0069633;0.0782;0.0024994;0.00012541
-0.00041059;1;-0.0069947;0.0782;0.0025023;0.00012555
-0.00041243;1;-0.0070261;0.0782;0.0025052;0.0001257
-0.00041427;1;-0.0070574;0.0782;0.002508;0.00012584
-0.00041611;1;-0.0070888;0.0782;0.0025109;0.00012598
-0.00041795;1;-0.0071201;0.0782;0.0025137;0.00012613
-0.00041979;1;-0.0071515;0.0782;0.0025166;0.00012627
-0.00042163;1;-0.0071828;0.0782;0.0025194;0.00012641
-0.00042347;1;-0.0072142;0.0782;0.0025222;0.00012655
-0.00042531;1;-0.0072456;0.0782;0.0025251;0.0001267
-0.00042715;1;-0.0072769;0.0782;0.002528;0.00012684
-0.000429;1;-0.0073083;0.0782;0.0025308;0.00012698
-0.00043084;1;-0.0073397;0.0782;0.0025337;0.00012713
-0.00043297;1;-0.007376;0.0782;0.0025365;0.00012727
-0.00043511;1;-0.0074124;0.0782;0.0025393;0.00012741
-0.00043724;1;-0.0074487;0.0782;0.0025422;0.00012756
-0.00043937;1;-0.007485;0.0782;0.0025451;0.0001277
-0.0004415;1;-0.0075213;0.0782;0.0025479;0.00012784
-0.00044363;1;-0.0075576;0.0782;0.0025508;0.00012798
-0.00044577;1;-0.007594;0.0782;0.0025536;0.00012813
-0.0004479;1;-0.0076303;0.0782;0.0025564;0.00012827
-0.00045003;1;-0.0076666;0.0782;0.0025593;0.00012841
-0.00045216;1;-0.0077029;0.0782;0.0025622;0.00012856
-0.00045429;1;-0.0077392;0.0782;0.002565;0.0001287
-0.00045643;1;-0.0077756;0.0782;0.0025679;0.00012884
-0.00045856;1;-0.0078119;0.0782;0.0025707;0.00012899
-0.00046069;1;-0.0078482;0.0782;0.0025735;0.00012913
-0.00046282;1;-0.0078845;0.0782;0.0025764;0.00012927
-0.00046495;1;-0.0079208;0.0782;0.0025793;0.00012941
-0.00046708;1;-0.0079572;0.0782;0.0025821;0.00012956
-0.00046922;0.99999;-0.0079935;0.0782;0.002585;0.0001297
-0.00047135;0.99999;-0.0080298;0.0782;0.0025878;0.00012984
-0.00047348;0.99999;-0.0080661;0.0782;0.0025906;0.00012999
-0.00047561;0.99999;-0.0081024;0.0782;0.0025935;0.00013013
-0.00047775;0.99999;-0.0081388;0.0782;0.0025964;0.00013027
-0.00047988;0.99999;-0.0081751;0.0782;0.0025992;0.00013042
-0.00048201;0.99999;-0.0082114;0.0782;0.0026021;0.00013056
-0.00048414;0.99999;-0.0082477;0.0782;0.0026049;0.0001307
-0.00048627;0.99999;-0.008284;0.0782;0.0026078;0.00013084
-0.0004884;0.99999;-0.0083204;0.0782;0.0026106;0.00013099
-0.00049054;0.99999;-0.0083567;0.0782;0.0026134;0.00013113
-0.00049267;0.99999;-0.008393;0.0782;0.0026163;0.00013127
-0.0004948;0.99999;-0.0084293;0.0782;0.0026192;0.00013142
-0.00049693;0.99999;-0.0084656;0.0782;0.002622;0.00013156
-0.00049906;0.99999;-0.008502;0.0782;0.0026249;0.0001317
-0.0005012;0.99999;-0.0085383;0.0782;0.0026277;0.00013185
-0.00050333;0.99999;-0.0085746;0.0782;0.0026305;0.00013199
-0.00050546;0.99999;-0.0086109;0.0782;0.0026334;0.00013213
-0.00050759;0.99999;-0.0086472;0.0782;0.0026363;0.00013227
-0.00050972;0.99999;-0.0086836;0.0782;0.0026391;0.00013242
-0.00051186;0.99999;-0.0087199;0.0782;0.002642;0.00013256
-0.00051399;0.99999;-0.0087562;0.0782;0.0026448;0.0001327
-0.00051612;0.99999;-0.0087925;0.0782;0.0026476;0.00013285
-0.00051825;0.99999;-0.0088288;0.0782;0.0026505;0.00013299
-0.00052038;0.99999;-0.0088652;0.0782;0.0026534;0.00013313
-0.00052252;0.99999;-0.0089015;0.0782;0.0026562;0.00013328
-0.00052465;0.99999;-0.0089378;0.0782;0.0026591;0.00013342
-0.00052678;0.99999;-0.0089741;0.0782;0.0026619;0.00013356
-0.00052891;0.99999;-0.0090104;0.0782;0.0026647;0.0001337
-0.00053112;0.99833;-0.009048;0.0782;0.0026676;0.00013385
-0.00053357;0.99107;-0.0090898;0.0782;0.0026705;0.00013399
-0.00053603;0.98381;-0.0091316;0.0782;0.0026733;0.00013413
-0.00053848;0.97655;-0.0091734;0.0782;0.0026762;0.00013428
-0.00054094;0.96929;-0.0092153;0.0782;0.002679;0.00013442
-0.00054339;0.96203;-0.0092571;0.0782;0.0026818;0.00013456
-0.00054584;0.95477;-0.0092989;0.0782;0.0026847;0.00013471
-0.0005483;0.94751;-0.0093407;0.0782;0.0026876;0.00013485
-0.00055075;0.94025;-0.0093825;0.0782;0.0026904;0.00013499
-0.00055321;0.93299;-0.0094243;0.0782;0.0026933;0.00013513
-0.00055566;0.92573;-0.0094661;0.0782;0.0026961;0.00013528
-0.00055812;0.91847;-0.0095079;0.0782;0.002699;0.00013542
-0.00056057;0.91121;-0.0095498;0.0782;0.0027018;0.00013556
-0.00056302;0.90395;-0.0095916;0.0782;0.0027046;0.00013571
-0.00056548;0.89669;-0.0096334;0.0782;0.0027075;0.00013585
-0.00056793;0.88943;-0.0096752;0.0782;0.0027104;0.00013599
-0.00057039;0.88217;-0.009717;0.0782;0.0027132;0.00013614
-0.00057284;0.87491;-0.0097588;0.0782;0.0027161;0.00013628
-0.0005753;0.86765;-0.0098006;0.0782;0.0027189;0.00013642
-0.00057775;0.86039;-0.0098424;0.0782;0.0027217;0.00013656
-0.0005802;0.85313;-0.0098842;0.0782;0.0027246;0.00013671
-0.00058266;0.84587;-0.0099261;0.0782;0.0027275;0.00013685
-0.00058511;0.83861;-0.0099679;0.0782;0.0027303;0.00013699
-0.00058757;0.83135;-0.01001;0.0782;0.0027332;0.00013714
-0.00059002;0.82409;-0.010051;0.0782;0.002736;0.00013728
-0.00059248;0.81683;-0.010093;0.0782;0.0027388;0.00013742
-0.00059493;0.80957;-0.010135;0.0782;0.0027417;0.00013757
-0.00059739;0.80231;-0.010177;0.0782;0.0027446;0.00013771
-0.00059984;0.79505;-0.010219;0.0782;0.0027474;0.00013785
-0.00060229;0.78779;-0.010261;0.0782;0.0027503;0.00013799
-0.00060475;0.78053;-0.010302;0.0782;0.0027531;0.00013814
-0.0006072;0.77327;-0.010344;0.0782;0.0027559;0.00013828
-0.00060966;0.76601;-0.010386;0.0782;0.0027588;0.00013842
-0.00061211;0.75875;-0.010428;0.0782;0.0027617;0.00013857
-0.00061457;0.75149;-0.01047;0.0782;0.0027645;0.00013871
-0.00061702;0.74423;-0.010511;0.0782;0.0027674;0.00013885
-0.00061947;0.73697;-0.010553;0.0782;0.0027702;0.000139
-0.00062193;0.72971;-0.010595;0.0782;0.002773;0.00013914
-0.00062438;0.72245;-0.010637;0.0782;0.0027759;0.00013928
-0.00062684;0.71519;-0.010679;0.0782;0.0027788;0.00013942
-0.00062929;0.70793;-0.01072;0.0782;0.0027816;0.00013957
-0.00063175;0.70067;-0.010762;0.0782;0.0027845;0.00013971
-0.0006342;0.69341;-0.010804;0.0782;0.0027873;0.00013985
-0.00063665;0.68615;-0.010846;0.0782;0.0027901;0.00014
-0.00063911;0.67889;-0.010888;0.0782;0.002793;0.00014014
-0.00064156;0.67163;-0.01093;0.0782;0.0027959;0.00014028
-0.00064402;0.66437;-0.010971;0.0782;0.0027987;0.00014043
-0.00064657;0.6556;-0.011015;0.0782;0.0028016;0.00014057
-0.00064926;0.64492;-0.011061;0.0782;0.0028044;0.00014071
-0.00065194;0.63423;-0.011106;0.0782;0.0028073;0.00014085
-0.00065463;0.62354;-0.011152;0.0782;0.0028101;0.000141
-0.00065731;0.61286;-0.011198;0.0782;0.0028129;0.00014114
-0.00065999;0.60217;-0.011244;0.0782;0.0028158;0.00014128
-0.00066268;0.59149;-0.011289;0.0782;0.0028187;0.00014143
-0.00066536;0.5808;-0.011335;0.0782;0.0028215;0.00014157
-0.00066805;0.57011;-0.011381;0.0782;0.0028244;0.00014171
-0.00067073;0.55943;-0.011426;0.0782;0.0028272;0.00014186
-0.00067341;0.54874;-0.011472;0.0782;0.00283;0.000142
-0.0006761;0.53806;-0.011518;0.0782;0.0028329;0.00014214
-0.00067878;0.52737;-0.011564;0.0782;0.0028358;0.00014228
-0.00068147;0.51668;-0.011609;0.0782;0.0028386;0.00014243
-0.00068415;0.506;-0.011655;0.0782;0.0028415;0.00014257
-0.00068684;0.49531;-0.011701;0.0782;0.0028443;0.00014271
-0.00068952;0.48463;-0.011747;0.0782;0.0028471;0.00014286
-0.0006922;0.47394;-0.011792;0.0782;0.00285;0.000143
